<?xml version="1.0" encoding="UTF-8"?>
<!DOCTYPE mapper PUBLIC "-//mybatis.org//DTD Mapper 3.0//EN" "http://mybatis.org/dtd/mybatis-3-mapper.dtd">
<mapper namespace="com.chat.room.fileUploader.dao.FileUploaderDAO">
		<resultMap type="com.chat.room.fileUploader.vo.FileUploaderVO" id="FileUploaderMap">
					<result column="id" property="id" jdbcType="BIGINT" />
					<result column="name" property="name" jdbcType="VARCHAR" />
					<result column="suffix" property="suffix" jdbcType="VARCHAR" />
					<result column="size" property="size" jdbcType="INTEGER" />
					<result column="user_id_create" property="userIdCreate" jdbcType="BIGINT" />
					<result column="user_name_create" property="userNameCreate" jdbcType="VARCHAR" />
					<result column="gmt_create" property="gmtCreate" jdbcType="DATE" />
		</resultMap>
		<!-- 新增 -->
    	<insert id="insertFileUploader" parameterType="com.chat.room.fileUploader.vo.FileUploaderVO">
    		insert into file_uploader(
    					id,
    					name,
    					suffix,
    					size,
    					user_id_create,
    					user_name_create,
    					gmt_create
    		)values(
    					#{id},
    					#{name},
    					#{suffix},
    					#{size},
    					#{userIdCreate},
    					#{userNameCreate},
    					#{gmtCreate}
    		)
    	</insert>
    	<!-- 删除 -->
    	<delete id="deleteFileUploader" parameterType="com.chat.room.fileUploader.vo.FileUploaderVO">
    		delete from file_uploader
    		<where>
	    			<if test="id != null" >
	    				and id = #{id}
	    			</if>
	    			<if test="name != null" >
	    				and name = #{name}
	    			</if>
	    			<if test="suffix != null" >
	    				and suffix = #{suffix}
	    			</if>
	    			<if test="size != null" >
	    				and size = #{size}
	    			</if>
	    			<if test="userIdCreate != null" >
	    				and user_id_create = #{userIdCreate}
	    			</if>
	    			<if test="userNameCreate != null" >
	    				and user_name_create = #{userNameCreate}
	    			</if>
	    			<if test="gmtCreate != null" >
	    				and gmt_create = #{gmtCreate}
	    			</if>
    		</where>
    	</delete>
    	<!-- 更新 -->
    	<update id="updateFileUploader" parameterType="com.chat.room.fileUploader.vo.FileUploaderVO">
    		update file_uploader
    		<set>
	    			<if test="id != null" >
	    				id = #{id},
	    			</if>
	    			<if test="name != null" >
	    				name = #{name},
	    			</if>
	    			<if test="suffix != null" >
	    				suffix = #{suffix},
	    			</if>
	    			<if test="size != null" >
	    				size = #{size},
	    			</if>
	    			<if test="userIdCreate != null" >
	    				user_id_create = #{userIdCreate},
	    			</if>
	    			<if test="userNameCreate != null" >
	    				user_name_create = #{userNameCreate},
	    			</if>
	    			<if test="gmtCreate != null" >
	    				gmt_create = #{gmtCreate},
	    			</if>
    		</set>
    		<where>
	    			<if test="id != null" >
	    				and id = #{id}
	    			</if>
	    			<if test="name != null" >
	    				and name = #{name}
	    			</if>
	    			<if test="suffix != null" >
	    				and suffix = #{suffix}
	    			</if>
	    			<if test="size != null" >
	    				and size = #{size}
	    			</if>
	    			<if test="userIdCreate != null" >
	    				and user_id_create = #{userIdCreate}
	    			</if>
	    			<if test="userNameCreate != null" >
	    				and user_name_create = #{userNameCreate}
	    			</if>
	    			<if test="gmtCreate != null" >
	    				and gmt_create = #{gmtCreate}
	    			</if>
    		</where>
    	</update>
    	<!-- 查询列表 -->
    	<select id="listFileUploader" parameterType="com.chat.room.fileUploader.vo.FileUploaderVO" resultMap="FileUploaderMap">
    		select * from file_uploader
    		<where>
	    			<if test="id != null" >
	    				and id = #{id}
	    			</if>
	    			<if test="name != null" >
	    				and name = #{name}
	    			</if>
	    			<if test="suffix != null" >
	    				and suffix = #{suffix}
	    			</if>
	    			<if test="size != null" >
	    				and size = #{size}
	    			</if>
	    			<if test="userIdCreate != null" >
	    				and user_id_create = #{userIdCreate}
	    			</if>
	    			<if test="userNameCreate != null" >
	    				and user_name_create = #{userNameCreate}
	    			</if>
	    			<if test="gmtCreate != null" >
	    				and gmt_create = #{gmtCreate}
	    			</if>
    		</where>
    	</select>
</mapper>