<?xml version="1.0" encoding="UTF-8"?>
<!DOCTYPE mapper PUBLIC "-//mybatis.org//DTD Mapper 3.0//EN" "http://mybatis.org/dtd/mybatis-3-mapper.dtd">
<mapper namespace="com.chat.room.fileUploader.dao.FileUploaderSnippetDAO">
		<resultMap type="com.chat.room.fileUploader.vo.FileUploaderSnippetVO" id="FileUploaderSnippetMap">
					<result column="id" property="id" jdbcType="BIGINT" />
					<result column="batch_id" property="batchId" jdbcType="BIGINT" />
					<result column="file_snippet_order" property="fileSnippetOrder" jdbcType="INTEGER" />
		</resultMap>
		<!-- 新增 -->
    	<insert id="insertFileUploaderSnippet" parameterType="com.chat.room.fileUploader.vo.FileUploaderSnippetVO">
    		insert into file_uploader_snippet(
    					id,
    					batch_id,
    					file_snippet_order
    		)values(
    					#{id},
    					#{batchId},
    					#{fileSnippetOrder}
    		)
    	</insert>
    	<!-- 删除 -->
    	<delete id="deleteFileUploaderSnippet" parameterType="com.chat.room.fileUploader.vo.FileUploaderSnippetVO">
    		delete from file_uploader_snippet
    		<where>
	    			<if test="id != null" >
	    				and id = #{id}
	    			</if>
	    			<if test="batchId != null" >
	    				and batch_id = #{batchId}
	    			</if>
	    			<if test="fileSnippetOrder != null" >
	    				and file_snippet_order = #{fileSnippetOrder}
	    			</if>
    		</where>
    	</delete>
    	<!-- 更新 -->
    	<update id="updateFileUploaderSnippet" parameterType="com.chat.room.fileUploader.vo.FileUploaderSnippetVO">
    		update file_uploader_snippet
    		<set>
	    			<if test="id != null" >
	    				id = #{id},
	    			</if>
	    			<if test="batchId != null" >
	    				batch_id = #{batchId},
	    			</if>
	    			<if test="fileSnippetOrder != null" >
	    				file_snippet_order = #{fileSnippetOrder},
	    			</if>
    		</set>
    		<where>
	    			<if test="id != null" >
	    				and id = #{id}
	    			</if>
	    			<if test="batchId != null" >
	    				and batch_id = #{batchId}
	    			</if>
	    			<if test="fileSnippetOrder != null" >
	    				and file_snippet_order = #{fileSnippetOrder}
	    			</if>
    		</where>
    	</update>
    	<!-- 查询列表 -->
    	<select id="listFileUploaderSnippet" parameterType="com.chat.room.fileUploader.vo.FileUploaderSnippetVO" resultMap="FileUploaderSnippetMap">
    		select * from file_uploader_snippet
    		<where>
	    			<if test="id != null" >
	    				and id = #{id}
	    			</if>
	    			<if test="batchId != null" >
	    				and batch_id = #{batchId}
	    			</if>
	    			<if test="fileSnippetOrder != null" >
	    				and file_snippet_order = #{fileSnippetOrder}
	    			</if>
    		</where>
    	</select>
</mapper>