<?xml version="1.0" encoding="UTF-8"?>
<!DOCTYPE mapper PUBLIC "-//mybatis.org//DTD Mapper 3.0//EN" "http://mybatis.org/dtd/mybatis-3-mapper.dtd">
<mapper namespace="com.data.exchange.docu.dao.ArticleSeqDAO">
		<resultMap type="com.data.exchange.docu.vo.ArticleSeqVO" id="ArticleSeqMap">
			<result column="name" property="name" jdbcType="VARCHAR" />
			<result column="start_value" property="startValue" jdbcType="INTEGER" />
			<result column="increment_value" property="incrementValue" jdbcType="INTEGER" />
		</resultMap>
		<!-- 新增 -->
    	<insert id="insertArticleSeq" parameterType="com.data.exchange.docu.vo.ArticleSeqVO">
    		insert into t_article_seq(
    			name,
    			start_value,
    			increment_value
    		)values(
    			#{name},
    			#{startValue},
    			#{incrementValue}
    		)
    	</insert>
    	<!-- 删除 -->
    	<delete id="deleteArticleSeq" parameterType="com.data.exchange.docu.vo.ArticleSeqVO">
    		delete from t_article_seq
    		<where>
	    			<if test="name != null" >
	    		and name = #{name}
	    			</if>
	    			<if test="startValue != null" >
	    		and start_value = #{startValue}
	    			</if>
	    			<if test="incrementValue != null" >
	    		and increment_value = #{incrementValue}
	    			</if>
    		</where>
    	</delete>
    	<!-- 更新 -->
    	<update id="updateArticleSeq" parameterType="com.data.exchange.docu.vo.ArticleSeqVO">
    		update t_article_seq
    		<set>
	    			<if test="name != null" >
	    		name = #{name},
	    			</if>
	    			<if test="startValue != null" >
	    		start_value = #{startValue},
	    			</if>
	    			<if test="incrementValue != null" >
	    		increment_value = #{incrementValue},
	    			</if>
    		</set>
    		<where>
	    			<if test="name != null" >
	    		and name = #{name}
	    			</if>
	    			<if test="startValue != null" >
	    		and start_value = #{startValue}
	    			</if>
	    			<if test="incrementValue != null" >
	    		and increment_value = #{incrementValue}
	    			</if>
    		</where>
    	</update>
    	<!-- 查询列表 -->
    	<select id="listArticleSeq" parameterType="com.data.exchange.docu.vo.ArticleSeqVO" resultMap="ArticleSeqMap">
    		select * from t_article_seq
    		<where>
	    			<if test="name != null" >
	    		and name = #{name}
	    			</if>
	    			<if test="startValue != null" >
	    		and start_value = #{startValue}
	    			</if>
	    			<if test="incrementValue != null" >
	    		and increment_value = #{incrementValue}
	    			</if>
    		</where>
    	</select>
</mapper>