<?xml version="1.0" encoding="UTF-8"?>
<!DOCTYPE mapper PUBLIC "-//mybatis.org//DTD Mapper 3.0//EN" "http://mybatis.org/dtd/mybatis-3-mapper.dtd">
<mapper namespace="com.data.exchange.docu.dao.ArticleOperateDAO">
		<resultMap type="com.data.exchange.docu.vo.ArticleOperateVO" id="ArticleOperateMap">
			<result column="id" property="id" jdbcType="BIGINT" />
			<result column="article_id" property="articleId" jdbcType="BIGINT" />
			<result column="operate_type" property="operateType" jdbcType="INTEGER" />
			<result column="operate_time" property="operateTime" jdbcType="DATE" />
			<result column="operate_person" property="operatePerson" jdbcType="VARCHAR" />
			<result column="operate_num" property="operateNum" jdbcType="INTEGER" />
			<result column="operate_no" property="operateNo" jdbcType="VARCHAR" />
		</resultMap>
		<!-- 新增 -->
    	<insert id="insertArticleOperate" parameterType="com.data.exchange.docu.vo.ArticleOperateVO">
    		insert into t_article_operate(
    			id,
    			article_id,
    			operate_type,
    			operate_time,
    			operate_person,
    			operate_num,
    			operate_no
    		)values(
    			#{id},
    			#{articleId},
    			#{operateType},
    			#{operateTime},
    			#{operatePerson},
    			#{operateNum},
    			#{operateNo}
    		)
    	</insert>
    	<!-- 删除 -->
    	<delete id="deleteArticleOperate" parameterType="com.data.exchange.docu.vo.ArticleOperateVO">
    		delete from t_article_operate
    		<where>
	    			<if test="id != null" >
	    		and id = #{id}
	    			</if>
	    			<if test="articleId != null" >
	    		and article_id = #{articleId}
	    			</if>
	    			<if test="operateType != null" >
	    		and operate_type = #{operateType}
	    			</if>
	    			<if test="operateTime != null" >
	    		and operate_time = #{operateTime}
	    			</if>
	    			<if test="operatePerson != null" >
	    		and operate_person = #{operatePerson}
	    			</if>
	    			<if test="operateNum != null" >
	    		and operate_num = #{operateNum}
	    			</if>
	    			<if test="operateNo != null" >
	    		and operate_no = #{operateNo}
	    			</if>
    		</where>
    	</delete>
    	<!-- 更新 -->
    	<update id="updateArticleOperate" parameterType="com.data.exchange.docu.vo.ArticleOperateVO">
    		update t_article_operate
    		<set>
	    			<if test="id != null" >
	    		id = #{id},
	    			</if>
	    			<if test="articleId != null" >
	    		article_id = #{articleId},
	    			</if>
	    			<if test="operateType != null" >
	    		operate_type = #{operateType},
	    			</if>
	    			<if test="operateTime != null" >
	    		operate_time = #{operateTime},
	    			</if>
	    			<if test="operatePerson != null" >
	    		operate_person = #{operatePerson},
	    			</if>
	    			<if test="operateNum != null" >
	    		operate_num = #{operateNum},
	    			</if>
	    			<if test="operateNo != null" >
	    		operate_no = #{operateNo},
	    			</if>
    		</set>
    		<where>
	    			<if test="id != null" >
	    		and id = #{id}
	    			</if>
	    			<if test="articleId != null" >
	    		and article_id = #{articleId}
	    			</if>
	    			<if test="operateType != null" >
	    		and operate_type = #{operateType}
	    			</if>
	    			<if test="operateTime != null" >
	    		and operate_time = #{operateTime}
	    			</if>
	    			<if test="operatePerson != null" >
	    		and operate_person = #{operatePerson}
	    			</if>
	    			<if test="operateNum != null" >
	    		and operate_num = #{operateNum}
	    			</if>
	    			<if test="operateNo != null" >
	    		and operate_no = #{operateNo}
	    			</if>
    		</where>
    	</update>
    	<!-- 查询列表 -->
    	<select id="listArticleOperate" parameterType="com.data.exchange.docu.vo.ArticleOperateVO" resultMap="ArticleOperateMap">
    		select * from t_article_operate
    		<where>
	    			<if test="id != null" >
	    		and id = #{id}
	    			</if>
	    			<if test="articleId != null" >
	    		and article_id = #{articleId}
	    			</if>
	    			<if test="operateType != null" >
	    		and operate_type = #{operateType}
	    			</if>
	    			<if test="operateTime != null" >
	    		and operate_time = #{operateTime}
	    			</if>
	    			<if test="operatePerson != null" >
	    		and operate_person = #{operatePerson}
	    			</if>
	    			<if test="operateNum != null" >
	    		and operate_num = #{operateNum}
	    			</if>
	    			<if test="operateNo != null" >
	    		and operate_no = #{operateNo}
	    			</if>
    		</where>
    	</select>
</mapper>